name,developer,format,tags,type
Austrian Grand,UVI,falcon,,Instrument
Key Suite Acoustic,UVI,falcon,,Instrument
Key Suite Digital,UVI,falcon,,Instrument
Key Suite Electric,UVI,falcon,,Instrument
Mosaiq,UVI,falcon,,Instrument
World Suite 3,UVI,falcon,,Instrument
Aurora,UVI,falcon,,Instrument
Digital Synsations,UVI,falcon,,Instrument
EGP,UVI,falcon,,Instrument
Ether Fields,UVI,falcon,,Instrument
Falcon Factory rev2,UVI,falcon,,Instrument
Noctua by Venus Theory,UVI,falcon,,Instrument
Orchestral Suite,UVI,falcon,,Instrument
Organic Arps,UVI,falcon,,Instrument
Retro Organ Suite,UVI,falcon,,Instrument
TagLibrary,UVI,falcon,,Instrument
Austrian Grand,UVI,falcon,,Instrument
Key Suite Acoustic,UVI,falcon,,Instrument
Key Suite Digital,UVI,falcon,,Instrument
Key Suite Electric,UVI,falcon,,Instrument
Mosaiq,UVI,falcon,,Instrument
World Suite 3,UVI,falcon,,Instrument
Aurora,UVI,falcon,,Instrument
Digital Synsations,UVI,falcon,,Instrument
EGP,UVI,falcon,,Instrument
Ether Fields,UVI,falcon,,Instrument
Falcon Factory rev2,UVI,falcon,,Instrument
Noctua by Venus Theory,UVI,falcon,,Instrument
Orchestral Suite,UVI,falcon,,Instrument
Organic Arps,UVI,falcon,,Instrument
Retro Organ Suite,UVI,falcon,,Instrument
TagLibrary,UVI,falcon,,Instrument
Austrian Grand,UVI,falcon,,Instrument
Key Suite Acoustic,UVI,falcon,,Instrument
Key Suite Digital,UVI,falcon,,Instrument
Key Suite Electric,UVI,falcon,,Instrument
Mosaiq,UVI,falcon,,Instrument
World Suite 3,UVI,falcon,,Instrument
Aurora,UVI,falcon,,Instrument
Digital Synsations,UVI,falcon,,Instrument
EGP,UVI,falcon,,Instrument
Ether Fields,UVI,falcon,,Instrument
Falcon Factory rev2,UVI,falcon,,Instrument
Noctua by Venus Theory,UVI,falcon,,Instrument
Orchestral Suite,UVI,falcon,,Instrument
Organic Arps,UVI,falcon,,Instrument
Retro Organ Suite,UVI,falcon,,Instrument
TagLibrary,UVI,falcon,,Instrument
Austrian Grand,UVI,falcon,,Instrument
Key Suite Acoustic,UVI,falcon,,Instrument
Key Suite Digital,UVI,falcon,,Instrument
Key Suite Electric,UVI,falcon,,Instrument
Mosaiq,UVI,falcon,,Instrument
World Suite 3,UVI,falcon,,Instrument
Aurora,UVI,falcon,,Instrument
Digital Synsations,UVI,falcon,,Instrument
EGP,UVI,falcon,,Instrument
Ether Fields,UVI,falcon,,Instrument
Falcon Factory rev2,UVI,falcon,,Instrument
Noctua by Venus Theory,UVI,falcon,,Instrument
Orchestral Suite,UVI,falcon,,Instrument
Organic Arps,UVI,falcon,,Instrument
Retro Organ Suite,UVI,falcon,,Instrument
TagLibrary,UVI,falcon,,Instrument
Austrian Grand,UVI,falcon,,Instrument
Key Suite Acoustic,UVI,falcon,,Instrument
Key Suite Digital,UVI,falcon,,Instrument
Key Suite Electric,UVI,falcon,,Instrument
Mosaiq,UVI,falcon,,Instrument
World Suite 3,UVI,falcon,,Instrument
Aurora,UVI,falcon,,Instrument
Digital Synsations,UVI,falcon,,Instrument
EGP,UVI,falcon,,Instrument
Ether Fields,UVI,falcon,,Instrument
Falcon Factory rev2,UVI,falcon,,Instrument
Noctua by Venus Theory,UVI,falcon,,Instrument
Orchestral Suite,UVI,falcon,,Instrument
Organic Arps,UVI,falcon,,Instrument
Retro Organ Suite,UVI,falcon,,Instrument
TagLibrary,UVI,falcon,,Instrument
Austrian Grand,UVI,falcon,,Instrument
Key Suite Acoustic,UVI,falcon,,Instrument
Key Suite Digital,UVI,falcon,,Instrument
Key Suite Electric,UVI,falcon,,Instrument
Mosaiq,UVI,falcon,,Instrument
World Suite 3,UVI,falcon,,Instrument
Aurora,UVI,falcon,,Instrument
Digital Synsations,UVI,falcon,,Instrument
EGP,UVI,falcon,,Instrument
Ether Fields,UVI,falcon,,Instrument
Falcon Factory rev2,UVI,falcon,,Instrument
Noctua by Venus Theory,UVI,falcon,,Instrument
Orchestral Suite,UVI,falcon,,Instrument
Organic Arps,UVI,falcon,,Instrument
Retro Organ Suite,UVI,falcon,,Instrument
TagLibrary,UVI,falcon,,Instrument
Austrian Grand,UVI,falcon,,Instrument
Key Suite Acoustic,UVI,falcon,,Instrument
Key Suite Digital,UVI,falcon,,Instrument
Key Suite Electric,UVI,falcon,,Instrument
Mosaiq,UVI,falcon,,Instrument
World Suite 3,UVI,falcon,,Instrument
Aurora,UVI,falcon,,Instrument
Digital Synsations,UVI,falcon,,Instrument
EGP,UVI,falcon,,Instrument
Ether Fields,UVI,falcon,,Instrument
Falcon Factory rev2,UVI,falcon,,Instrument
Noctua by Venus Theory,UVI,falcon,,Instrument
Orchestral Suite,UVI,falcon,,Instrument
Organic Arps,UVI,falcon,,Instrument
Retro Organ Suite,UVI,falcon,,Instrument
TagLibrary,UVI,falcon,,Instrument
Austrian Grand,UVI,falcon,,Instrument
Key Suite Acoustic,UVI,falcon,,Instrument
Key Suite Digital,UVI,falcon,,Instrument
Key Suite Electric,UVI,falcon,,Instrument
Mosaiq,UVI,falcon,,Instrument
World Suite 3,UVI,falcon,,Instrument
Aurora,UVI,falcon,,Instrument
Digital Synsations,UVI,falcon,,Instrument
EGP,UVI,falcon,,Instrument
Ether Fields,UVI,falcon,,Instrument
Falcon Factory rev2,UVI,falcon,,Instrument
Noctua by Venus Theory,UVI,falcon,,Instrument
Orchestral Suite,UVI,falcon,,Instrument
Organic Arps,UVI,falcon,,Instrument
Retro Organ Suite,UVI,falcon,,Instrument
TagLibrary,UVI,falcon,,Instrument
Austrian Grand,UVI,falcon,,Instrument
Key Suite Acoustic,UVI,falcon,,Instrument
Key Suite Digital,UVI,falcon,,Instrument
Key Suite Electric,UVI,falcon,,Instrument
Mosaiq,UVI,falcon,,Instrument
World Suite 3,UVI,falcon,,Instrument
Aurora,UVI,falcon,,Instrument
Digital Synsations,UVI,falcon,,Instrument
EGP,UVI,falcon,,Instrument
Ether Fields,UVI,falcon,,Instrument
Falcon Factory rev2,UVI,falcon,,Instrument
Noctua by Venus Theory,UVI,falcon,,Instrument
Orchestral Suite,UVI,falcon,,Instrument
Organic Arps,UVI,falcon,,Instrument
Retro Organ Suite,UVI,falcon,,Instrument
TagLibrary,UVI,falcon,,Instrument
Austrian Grand,UVI,falcon,,Instrument
Key Suite Acoustic,UVI,falcon,,Instrument
Key Suite Digital,UVI,falcon,,Instrument
Key Suite Electric,UVI,falcon,,Instrument
Mosaiq,UVI,falcon,,Instrument
World Suite 3,UVI,falcon,,Instrument
Aurora,UVI,falcon,,Instrument
Digital Synsations,UVI,falcon,,Instrument
EGP,UVI,falcon,,Instrument
Ether Fields,UVI,falcon,,Instrument
Falcon Factory rev2,UVI,falcon,,Instrument
Noctua by Venus Theory,UVI,falcon,,Instrument
Orchestral Suite,UVI,falcon,,Instrument
Organic Arps,UVI,falcon,,Instrument
Retro Organ Suite,UVI,falcon,,Instrument
TagLibrary,UVI,falcon,,Instrument
Austrian Grand,UVI,falcon,,Instrument
Key Suite Acoustic,UVI,falcon,,Instrument
Key Suite Digital,UVI,falcon,,Instrument
Key Suite Electric,UVI,falcon,,Instrument
Mosaiq,UVI,falcon,,Instrument
World Suite 3,UVI,falcon,,Instrument
Aurora,UVI,falcon,,Instrument
Digital Synsations,UVI,falcon,,Instrument
EGP,UVI,falcon,,Instrument
Ether Fields,UVI,falcon,,Instrument
Falcon Factory rev2,UVI,falcon,,Instrument
Noctua by Venus Theory,UVI,falcon,,Instrument
Orchestral Suite,UVI,falcon,,Instrument
Organic Arps,UVI,falcon,,Instrument
Retro Organ Suite,UVI,falcon,,Instrument
TagLibrary,UVI,falcon,,Instrument
Austrian Grand,UVI,falcon,,Instrument
Key Suite Acoustic,UVI,falcon,,Instrument
Key Suite Digital,UVI,falcon,,Instrument
Key Suite Electric,UVI,falcon,,Instrument
Mosaiq,UVI,falcon,,Instrument
World Suite 3,UVI,falcon,,Instrument
Aurora,UVI,falcon,,Instrument
Digital Synsations,UVI,falcon,,Instrument
EGP,UVI,falcon,,Instrument
Ether Fields,UVI,falcon,,Instrument
Falcon Factory rev2,UVI,falcon,,Instrument
Noctua by Venus Theory,UVI,falcon,,Instrument
Orchestral Suite,UVI,falcon,,Instrument
Organic Arps,UVI,falcon,,Instrument
Retro Organ Suite,UVI,falcon,,Instrument
TagLibrary,UVI,falcon,,Instrument
Austrian Grand,UVI,falcon,,Instrument
Key Suite Acoustic,UVI,falcon,,Instrument
Key Suite Digital,UVI,falcon,,Instrument
Key Suite Electric,UVI,falcon,,Instrument
Mosaiq,UVI,falcon,,Instrument
World Suite 3,UVI,falcon,,Instrument
Aurora,UVI,falcon,,Instrument
Digital Synsations,UVI,falcon,,Instrument
EGP,UVI,falcon,,Instrument
Ether Fields,UVI,falcon,,Instrument
Falcon Factory rev2,UVI,falcon,,Instrument
Noctua by Venus Theory,UVI,falcon,,Instrument
Orchestral Suite,UVI,falcon,,Instrument
Organic Arps,UVI,falcon,,Instrument
Retro Organ Suite,UVI,falcon,,Instrument
TagLibrary,UVI,falcon,,Instrument
